VUOSI,KK,VUOSI.DEC,Saaresmaki,Paltaniemi,Kaarakkala,Saviaho
2015,12,2016,109.3,97.9,84.1,95.7
2015,11,2015.9166666667,88.8,54.3,86.3,66.4
2015,10,2015.8333333333,54.1,54.5,43.5,39
2015,9,2015.75,114.2,93.3,86.7,42.8
2015,8,2015.6666666667,61.9,51.4,65.8,70
2015,7,2015.5833333333,97,89.8,155.8,115.8
2015,6,2015.5,172.7,117.3,150.1,99.3
2015,5,2015.4166666667,72.3,56,64.7,62.9
2015,4,2015.3333333333,34.5,34.3,43.2,46.3
2015,3,2015.25,61.4,39,55.4,48.7
2015,2,2015.1666666667,29.9,26.1,36.5,41.3
2015,1,2015.0833333333,95.5,61.6,91.5,72.8
2014,12,2015,74.3,58.7,66.7,70.7
2014,11,2014.9166666667,104.6,80.7,84.9,81.8
2014,10,2014.8333333333,85.3,74.8,75.5,59
2014,9,2014.75,45.6,37.2,26.7,41.3
2014,8,2014.6666666667,88.3,39.2,91.7,100.1
2014,7,2014.5833333333,66.2,58.1,58.6,69.7
2014,6,2014.5,52.2,46.2,33.9,51.8
2014,5,2014.4166666667,112.1,75,109.5,124.7
2014,4,2014.3333333333,18.1,16.9,18.3,25.6
2014,3,2014.25,40.3,26.7,42,40.3
2014,2,2014.1666666667,52,25,40.9,35
2014,1,2014.0833333333,21.1,14.7,18.2,14.5
2013,12,2014,141.2,110.5,144,119.6
2013,11,2013.9166666667,92.1,65.1,89.9,86.1
2013,10,2013.8333333333,76.7,54.3,79.2,59.9
2013,9,2013.75,48.9,35.1,39.9,43.9
2013,8,2013.6666666667,69.4,61.7,81.7,84.4
2013,7,2013.5833333333,134,84.5,123.3,57.8
2013,6,2013.5,85.8,52.5,88.8,56.1
2013,5,2013.4166666667,52.1,47.2,53,53.4
2013,4,2013.3333333333,44.6,33.6,44.6,41.2
2013,3,2013.25,20.8,19.3,23.8,23.3
2013,2,2013.1666666667,31,21.9,26.8,20.4
2013,1,2013.0833333333,54.8,39.8,45.1,40.6
2012,12,2013,34.3,18.2,NA,29.1
2012,11,2012.9166666667,60,47.9,NA,53.6
2012,10,2012.8333333333,109.2,68.2,86.2,68.9
2012,9,2012.75,83.4,49.3,78.3,72.5
2012,8,2012.6666666667,125.2,141.2,107.6,131.5
2012,7,2012.5833333333,163.4,111.8,116.1,130.2
2012,6,2012.5,132.7,111.3,116,113.9
2012,5,2012.4166666667,92.7,73.3,70.1,87.5
2012,4,2012.3333333333,65.6,48.3,57.8,60.4
2012,3,2012.25,33.7,24.9,35.2,28.3
2012,2,2012.1666666667,72.1,31.3,55.2,43.1
2012,1,2012.0833333333,40.9,27.4,37.2,42.8
2011,12,2012,106.4,53.8,86.4,80.6
2011,11,2011.9166666667,33.5,18.3,23.8,21.6
2011,10,2011.8333333333,84.6,55.5,72.1,56.2
2011,9,2011.75,88.3,65.8,109.9,93.4
2011,8,2011.6666666667,95.3,85.4,100.2,81.4
2011,7,2011.5833333333,113.5,133.7,157.3,109.3
2011,6,2011.5,71.3,86,63.7,95
2011,5,2011.4166666667,57.2,40.9,47.4,44.4
2011,4,2011.3333333333,20.9,17.2,26.4,16.8
2011,3,2011.25,31.7,22.8,30.3,28.4
2011,2,2011.1666666667,25.8,16.7,25.2,19.9
2011,1,2011.0833333333,79.3,52.1,74.9,65.3
2010,12,2011,22,19.7,20.1,22.1
2010,11,2010.9166666667,36.9,35.9,34.4,43.6
2010,10,2010.8333333333,43.8,25.6,36.9,29.5
2010,9,2010.75,100.8,108.7,93.2,87.3
2010,8,2010.6666666667,112.1,107.7,88.6,54.2
2010,7,2010.5833333333,69.3,89.7,36.5,78.1
2010,6,2010.5,91.1,79.6,93.2,80
2010,5,2010.4166666667,58.5,53.3,55.1,64.7
2010,4,2010.3333333333,46.5,28.3,39.3,28.3
2010,3,2010.25,76.1,54.6,70.9,68
2010,2,2010.1666666667,51.5,37.8,56.7,52.7
2010,1,2010.0833333333,21.5,10.9,16.8,17
2009,12,2010,36.7,20.9,31.9,30.6
2009,11,2009.9166666667,65.7,42.4,61.3,59.3
2009,10,2009.8333333333,42.1,33.4,45.4,43.7
2009,9,2009.75,48.3,71.8,39.9,80.5
2009,8,2009.6666666667,101.6,80.4,79.9,48.7
2009,7,2009.5833333333,107.7,78.7,68.4,110.1
2009,6,2009.5,43.8,43.6,38.9,56.5
2009,5,2009.4166666667,41.4,54.4,48,26.7
2009,4,2009.3333333333,25.6,20.3,23.1,13.1
2009,3,2009.25,19,12.4,15.5,14.7
2009,2,2009.1666666667,34.1,19.9,27,29.3
2009,1,2009.0833333333,41.1,32.5,39,39.6
2008,12,2009,65.7,42,58.6,45.6
2008,11,2008.9166666667,80.3,55.3,72,76.5
2008,10,2008.8333333333,119.9,95.6,106.1,121.2
2008,9,2008.75,39.7,46.9,29.1,26.4
2008,8,2008.6666666667,67.9,68.2,56.7,97.2
2008,7,2008.5833333333,137.6,78.5,130.9,79.6
2008,6,2008.5,98.6,55.9,123.6,55.9
2008,5,2008.4166666667,17.7,17.8,13.6,29.3
2008,4,2008.3333333333,56.1,37.8,57.7,42.2
2008,3,2008.25,54.8,46.5,56.5,54.5
2008,2,2008.1666666667,54.2,35,50.3,45.2
2008,1,2008.0833333333,107.6,65.2,90.1,76.5
2007,12,2008,86.8,58.6,80.8,67.4
2007,11,2007.9166666667,68.7,35.1,67.8,57.9
2007,10,2007.8333333333,70.1,64.7,98.8,52.7
2007,9,2007.75,75.1,83,80.5,91.4
2007,8,2007.6666666667,71.6,36.4,76.4,59.8
2007,7,2007.5833333333,148,170.3,168.3,149.9
2007,6,2007.5,71.2,58.3,51.1,58.3
2007,5,2007.4166666667,93.4,72.4,94.5,119.4
2007,4,2007.3333333333,34.3,27.5,34.1,35.9
2007,3,2007.25,42.7,28.8,44.2,38.3
2007,2,2007.1666666667,26.5,15.3,26.6,16.7
2007,1,2007.0833333333,74.1,44.5,59.6,61.5
2006,12,2007,104,84.3,97.9,93.7
2006,11,2006.9166666667,53.1,43.5,57.5,37.1
2006,10,2006.8333333333,102.2,78.3,108.7,89.7
2006,9,2006.75,74.6,79.8,91.3,91.1
2006,8,2006.6666666667,22.3,15.5,23.8,22.2
2006,7,2006.5833333333,27.6,16.9,29.9,26.3
2006,6,2006.5,29.3,22.5,20.9,69.4
2006,5,2006.4166666667,64.2,76.2,66.3,72.5
2006,4,2006.3333333333,38.5,26.3,51.3,46
2006,3,2006.25,21.2,17,19.4,23.9
2006,2,2006.1666666667,17.6,18.5,16.9,14
2006,1,2006.0833333333,35.8,32.8,41.1,31.7
2005,12,2006,61.6,37.8,57.4,50.9
2005,11,2005.9166666667,97.9,84.7,107.1,97.9
2005,10,2005.8333333333,20.3,13.1,12.9,20.2
2005,9,2005.75,88.1,71.7,68.4,71.7
2005,8,2005.6666666667,92.2,74.3,92.2,62.3
2005,7,2005.5833333333,43.6,69.5,51.2,72.7
2005,6,2005.5,62.5,44.2,49.8,48.4
2005,5,2005.4166666667,89,94.7,81.7,88.9
2005,4,2005.3333333333,23.4,14.3,19.8,25.7
2005,3,2005.25,4.4,7.7,4.6,7
2005,2,2005.1666666667,21.6,14.5,22.6,19
2005,1,2005.0833333333,99.3,59.6,98,82.5
2004,12,2005,60.7,36.1,62.3,53.8
2004,11,2004.9166666667,51.7,37.6,50.3,52.7
2004,10,2004.8333333333,34.1,30.3,29.9,30.8
2004,9,2004.75,100.8,92.3,110.1,96.4
2004,8,2004.6666666667,106.3,112.4,134.1,149.2
2004,7,2004.5833333333,119.9,159.7,154.5,174.6
2004,6,2004.5,78.9,45.9,84.8,66.8
2004,5,2004.4166666667,108.7,90.7,133.6,107.7
2004,4,2004.3333333333,11,10.9,16.9,11.9
2004,3,2004.25,24.5,19.1,27.3,23.8
2004,2,2004.1666666667,50.1,50.3,47.7,45.4
2004,1,2004.0833333333,39.5,32.3,39.8,40.9
2003,12,2004,77.1,52.9,71.9,68.2
2003,11,2003.9166666667,49.9,35.4,58.4,43.4
2003,10,2003.8333333333,61.1,51.6,77.9,76.1
2003,9,2003.75,47.9,35.3,48.6,42
2003,8,2003.6666666667,98.3,85.6,79.2,68.6
2003,7,2003.5833333333,112.9,69.5,95.3,112.2
2003,6,2003.5,33.1,29.5,55.7,37.9
2003,5,2003.4166666667,85.4,82.1,87.3,101
2003,4,2003.3333333333,17.9,11.6,20.5,14.6
2003,3,2003.25,30.4,30,31.5,29.2
2003,2,2003.1666666667,13.3,16.1,17.4,22.7
2003,1,2003.0833333333,57.1,51.1,51.9,46.6
2002,12,2003,21.7,25.6,16.8,28.3
2002,11,2002.9166666667,36.1,27.4,45.2,41.9
2002,10,2002.8333333333,15.1,9.4,15,19.2
2002,9,2002.75,79.4,49.5,45.9,39.3
2002,8,2002.6666666667,23.9,57.9,52.4,43.8
2002,7,2002.5833333333,97.8,95.1,82.2,97.8
2002,6,2002.5,89.9,58.6,71.9,121
2002,5,2002.4166666667,53.7,63.3,31.8,44
2002,4,2002.3333333333,32.8,8.6,16.3,10.1
2002,3,2002.25,41.2,24.8,40.8,35.3
2002,2,2002.1666666667,58,32.2,53.2,47.8
2002,1,2002.0833333333,56.8,55.6,73,57.7
2001,12,2002,21.5,10.1,23.1,15.9
2001,11,2001.9166666667,38.6,21.2,34.6,28.6
2001,10,2001.8333333333,87.5,76.1,98.2,61.9
2001,9,2001.75,59.9,61.4,71.7,55.8
2001,8,2001.6666666667,32.2,27.3,43.1,25.1
2001,7,2001.5833333333,47.1,68.9,65.1,74.7
2001,6,2001.5,73.5,48.4,56.4,89.4
2001,5,2001.4166666667,77.5,52.5,77.1,72.1
2001,4,2001.3333333333,44.9,34.9,45,40.9
2001,3,2001.25,30.2,33.6,36,32.4
2001,2,2001.1666666667,66.3,44.5,73,68.6
2001,1,2001.0833333333,28.9,18.3,26.8,21.4
2000,12,2001,52.2,48.4,54.6,43.4
2000,11,2000.9166666667,97.7,58,95.6,65.9
2000,10,2000.8333333333,67.6,46.6,63,51.7
2000,9,2000.75,37.7,82.3,44.2,39.4
2000,8,2000.6666666667,86.2,47,61.6,83.4
2000,7,2000.5833333333,75.9,90.1,67.6,113.4
2000,6,2000.5,168.5,25.4,114.7,96.6
2000,5,2000.4166666667,53.9,26.2,48,19.7
2000,4,2000.3333333333,57.2,29.6,47.7,40.9
2000,3,2000.25,49,32,61.5,48.8
2000,2,2000.1666666667,59.5,24.7,51,55.1
2000,1,2000.0833333333,54.4,51.5,50.6,51.3
1999,12,2000,77.3,46.7,90.4,78.6
1999,11,1999.9166666667,76.1,40.6,56.9,71.7
1999,10,1999.8333333333,76.1,51.8,54.5,57.5
1999,9,1999.75,45.3,38.7,44.7,44.1
1999,8,1999.6666666667,30.6,75,,36.3
1999,7,1999.5833333333,78,28,64.1,57.4
1999,6,1999.5,32.9,46.9,,78.3
1999,5,1999.4166666667,72.7,21.5,65.5,55.8
1999,4,1999.3333333333,20.1,20.6,30.3,28.1
1999,3,1999.25,42.5,25.4,38.2,20.7
1999,2,1999.1666666667,47,24.8,49.2,47.8
1999,1,1999.0833333333,40.2,35.6,35.7,28.1
1998,12,1999,60,18.8,54,47.2
1998,11,1998.9166666667,31.7,97,20.1,10.9
1998,10,1998.8333333333,103.7,33.4,96.5,104.6
1998,9,1998.75,48.1,105,56.4,46.7
1998,8,1998.6666666667,93.7,66.8,110.8,101.1
1998,7,1998.5833333333,108.7,53.9,125,97.4
1998,6,1998.5,98.5,53.2,87.5,91
1998,5,1998.4166666667,60.6,8.7,65,68.3
1998,4,1998.3333333333,11.4,16.4,15.6,5.9
1998,3,1998.25,38.9,41.4,32.3,27.3
1998,2,1998.1666666667,57.2,34.4,73.2,49.8
1998,1,1998.0833333333,51.3,24,63.2,57.5
1997,12,1998,30,26.7,33,30.8
1997,11,1997.9166666667,47.2,39.2,60.3,42.9
1997,10,1997.8333333333,51.5,32.8,47.4,43.5
1997,9,1997.75,75.2,38.6,85.2,67.7
1997,8,1997.6666666667,41.9,68.9,63.4,54.1
1997,7,1997.5833333333,59,50.1,98.8,57.6
1997,6,1997.5,42.3,36.4,82.4,63.3
1997,5,1997.4166666667,39.7,28.4,36.8,30.4
1997,4,1997.3333333333,59.6,22.5,47.6,48.1
1997,3,1997.25,58.7,40.6,54.5,38.6
1997,2,1997.1666666667,62.6,22.5,46.9,54.1
1997,1,1997.0833333333,41.4,46.9,35.7,32
1996,12,1997,,73.6,60.5,57.6
1996,11,1996.9166666667,,37.3,127.7,111.8
1996,10,1996.8333333333,,9.7,56.7,72.3
1996,9,1996.75,,24.6,31.3,29.1
1996,8,1996.6666666667,,93.6,21,30.2
1996,7,1996.5833333333,,99.7,105.5,100.1
1996,6,1996.5,,44.9,102.6,85.7
1996,5,1996.4166666667,,18.3,86,95.7
1996,4,1996.3333333333,,10.1,37.1,8.9
1996,3,1996.25,,17.7,18.8,16.7
1996,2,1996.1666666667,,11.8,42.2,31.7
1996,1,1996.0833333333,,16.2,17.8,7.6
1995,12,1996,,20,21.2,9.8
1995,11,1995.9166666667,,63.1,37.8,35.2
1995,10,1995.8333333333,,39.6,90.4,78.9
1995,9,1995.75,,46.8,49,58.8
1995,8,1995.6666666667,,45.3,82.2,103
1995,7,1995.5833333333,,49.1,71.4,56.6
1995,6,1995.5,,49.7,64.5,67.3
1995,5,1995.4166666667,,15.9,53.4,48
1995,4,1995.3333333333,,22.7,31.9,21.9
1995,3,1995.25,,33.2,45.4,34.1
1995,2,1995.1666666667,,16.1,77.6,65.1
1995,1,1995.0833333333,,34.6,33.8,34.4
1994,12,1995,,35,52.8,46.5
1994,11,1994.9166666667,,68.4,45.4,41.1
1994,10,1994.8333333333,,60,82.1,83.4
1994,9,1994.75,,21.1,105.9,98.1
1994,8,1994.6666666667,,31.1,42.4,51.9
1994,7,1994.5833333333,,72.6,24.8,59.9
1994,6,1994.5,,21,102.4,79.2
1994,5,1994.4166666667,,62.4,20.4,35
1994,4,1994.3333333333,,31.9,52.2,49
1994,3,1994.25,,6.7,65.1,46.2
1994,2,1994.1666666667,,31,4,6.2
1994,1,1994.0833333333,,37.8,58.7,56.5
1993,12,1994,,9.6,90.7,64.2
1993,11,1993.9166666667,,62.7,9,4.4
1993,10,1993.8333333333,,66.5,88,76.6
1993,9,1993.75,,64.1,61.7,47.8
1993,8,1993.6666666667,,105.8,65.4,66.7
1993,7,1993.5833333333,,82,101.7,129.4
1993,6,1993.5,,20.1,82.5,56.3
1993,5,1993.4166666667,,24.9,32,19.7
1993,4,1993.3333333333,,36.9,40.2,30.7
1993,3,1993.25,,12.4,69.9,43
1993,2,1993.1666666667,,29.7,32,12.6
1993,1,1993.0833333333,,28,70.6,57.3
1992,12,1993,,59.3,39.9,54.3
1992,11,1992.9166666667,,33.1,111.4,82.9
1992,10,1992.8333333333,,66.4,49.3,43.2
1992,9,1992.75,,150.3,76.9,77.1
1992,8,1992.6666666667,,87.1,157.7,164
1992,7,1992.5833333333,,20.8,123.8,74
1992,6,1992.5,,15.7,34,25.3
1992,5,1992.4166666667,,26,15.5,21.2
1992,4,1992.3333333333,,40.2,34.3,37.9
1992,3,1992.25,,22.5,64.9,53.4
1992,2,1992.1666666667,,22.5,60.8,41.5
1992,1,1992.0833333333,,31,59.5,33.4
1991,12,1992,,60.2,103.6,60.2
1991,11,1991.9166666667,,49.5,74.7,76
1991,10,1991.8333333333,,92.4,63.5,51.3
1991,9,1991.75,,80.4,105.7,94.3
1991,8,1991.6666666667,,51.9,90.5,48.2
1991,7,1991.5833333333,,117.6,70,56.4
1991,6,1991.5,,61.7,143.3,149.5
1991,5,1991.4166666667,,19.8,52.7,52
1991,4,1991.3333333333,,37.3,21.9,19.4
1991,3,1991.25,,12.8,51,33.5
1991,2,1991.1666666667,,23.2,23,17.6
1991,1,1991.0833333333,,43.6,56.1,27.1
1990,12,1991,,42.1,48.9,42.6
1990,11,1990.9166666667,,27.2,63.5,34.9
1990,10,1990.8333333333,,10.5,32.7,26.1
1990,9,1990.75,,131.6,26.1,12
1990,8,1990.6666666667,,69.2,90,83.8
1990,7,1990.5833333333,,33.7,109.6,92.6
1990,6,1990.5,,4.6,48.1,35
1990,5,1990.4166666667,6.3,17,16.5,8.3
1990,4,1990.3333333333,32.2,24.8,50.9,43.9
1990,3,1990.25,31.8,46.3,40.6,30.7
1990,2,1990.1666666667,76.8,47.9,84.8,68
1990,1,1990.0833333333,50.7,21.5,81.8,56.3
1989,12,1990,31.1,41.5,36.1,26
1989,11,1989.9166666667,44.3,40.6,61,38.3
1989,10,1989.8333333333,56.8,33.7,51.3,36.7
1989,9,1989.75,45.5,122.5,49.2,41.1
1989,8,1989.6666666667,100.9,46.4,97.5,108
1989,7,1989.5833333333,77.7,63.8,85.3,50.5
1989,6,1989.5,40.6,44.1,50.2,52.7
1989,5,1989.4166666667,47.9,32,44.7,38.4
1989,4,1989.3333333333,28.8,67.2,36,26.8
1989,3,1989.25,104.1,42.6,98.6,67.3
1989,2,1989.1666666667,62.1,59.2,63.7,51.8
1989,1,1989.0833333333,83,41.3,79.8,56
1988,12,1989,44.3,30.6,51.8,46
1988,11,1988.9166666667,28.6,29.5,31,18.1
1988,10,1988.8333333333,35.9,62.1,38.5,26.1
1988,9,1988.75,57.5,86.3,70.5,65.6
1988,8,1988.6666666667,162,85.3,150.9,128.3
1988,7,1988.5833333333,141.5,89.1,112,65.5
1988,6,1988.5,84.4,41.5,107,86.9
1988,5,1988.4166666667,32.8,17.5,65.2,52.2
1988,4,1988.3333333333,22.4,22.1,36.2,35.6
1988,3,1988.25,30.7,35.7,45.7,34.5
1988,2,1988.1666666667,46.3,46.1,55.6,39.9
1988,1,1988.0833333333,57.8,25.6,68.9,41.4
1987,12,1988,30.2,18.1,45.2,35.2
1987,11,1987.9166666667,22.3,22.1,38.1,15.4
1987,10,1987.8333333333,23.1,64.7,24,17.1
1987,9,1987.75,76.5,101.8,89.4,54.4
1987,7,1987.5833333333,103.7,113.7,103.9,139.9
1987,6,1987.5,60.1,54.1,73.3,97.2
1987,5,1987.4166666667,45.5,39,80.3,81.9
1987,4,1987.3333333333,22.4,14.4,51.7,26.5
1987,3,1987.25,21.4,18.2,17.4,8.6
1987,2,1987.1666666667,53.9,56.3,34.3,23.2
1987,1,1987.0833333333,13.1,13.9,58.4,58.4
1986,12,1987,30,24.8,18.4,11.9
1986,11,1986.9166666667,118.4,86.4,39.1,28.9
1986,10,1986.8333333333,52.9,38.2,127.1,130.7
1986,9,1986.75,71.1,74.9,64.1,43.8
1986,8,1986.6666666667,156.5,104.2,92.8,92.5
1986,7,1986.5833333333,31.4,56.4,130.6,121.2
1986,6,1986.5,30.9,35.7,42.5,37.3
1986,5,1986.4166666667,67.6,75.1,29.6,34.6
1986,4,1986.3333333333,32.8,27.6,85.5,78
1986,3,1986.25,28.3,25.8,30.1,27.2
1986,2,1986.1666666667,7.8,7.2,36.4,31.7
1986,1,1986.0833333333,29.3,24.1,7.4,3.4
1985,12,1986,54.8,43.6,41.5,37.6
1985,11,1985.9166666667,45.2,32.4,62.9,43.9
1985,10,1985.8333333333,78.2,49.6,58.7,50.7
1985,9,1985.75,67.4,50.3,68.7,62.3
1985,8,1985.6666666667,131.3,119.5,68.7,58.4
1985,7,1985.5833333333,69.8,38.3,118.9,90.3
1985,6,1985.5,31.2,33.6,61.6,44.9
1985,5,1985.4166666667,37.5,23.9,43.8,17.8
1985,4,1985.3333333333,46.5,25.3,39.1,35.5
1985,3,1985.25,43.7,48.2,62.7,48.8
1985,2,1985.1666666667,17.5,17.4,47.5,33
1985,1,1985.0833333333,25.2,20,13.5,15.5
1984,12,1985,40.1,31.4,23.3,28.1
1984,11,1984.9166666667,33.1,30,35.6,27.6
1984,10,1984.8333333333,112,94.8,34.8,33.3
1984,9,1984.75,40.5,39.7,121.8,129.4
1984,8,1984.6666666667,44.4,58,38.7,44.4
1984,7,1984.5833333333,39.2,86.2,67.3,45.2
1984,6,1984.5,96,91.7,90.5,64.8
1984,5,1984.4166666667,20.7,28.8,98,64.3
1984,4,1984.3333333333,20.6,17.4,10.2,22.8
1984,3,1984.25,32.5,18.1,26.2,18.8
1984,2,1984.1666666667,17.9,11.7,47.2,42.4
1984,1,1984.0833333333,49.3,27.3,46.4,27.2
1983,12,1984,61.5,42.7,73.8,59.1
1983,11,1983.9166666667,58.5,35.1,62.3,43.9
1983,10,1983.8333333333,91.9,71.4,45.6,58.2
1983,9,1983.75,100,96.4,107.4,71.3
1983,8,1983.6666666667,62.2,77.3,100,117.8
1983,7,1983.5833333333,54,62.8,61.7,46.9
1983,6,1983.5,63,60.7,89,66.4
1983,5,1983.4166666667,111.4,111.3,65.9,60.9
1983,4,1983.3333333333,38.6,34.2,94.6,93.6
1983,3,1983.25,45.6,25.5,34.8,44.5
1983,2,1983.1666666667,11.9,9.8,53.6,45.9
1983,1,1983.0833333333,81.9,40.7,16.8,15.2
1982,12,1983,52.4,32.4,107.5,82.5
1982,11,1982.9166666667,102.9,74,54.6,45.8
1982,10,1982.8333333333,39.2,29,115,99.4
1982,9,1982.75,47.5,36.7,39.1,39
1982,8,1982.6666666667,65,82.9,50.5,37.4
1982,7,1982.5833333333,23.7,31.4,69.5,45
1982,6,1982.5,85.8,50.6,34.4,34.5
1982,5,1982.4166666667,43.1,60.6,51.9,58.4
1982,4,1982.3333333333,67.5,51.5,50.3,82.3
1982,3,1982.25,20.8,16.1,78.7,58.9
1982,2,1982.1666666667,8.1,11.5,26.6,19.1
1982,1,1982.0833333333,21.4,16.7,11.4,10.7
1981,12,1982,58.6,58.5,30.5,23.5
1981,11,1981.9166666667,75.9,37.7,67.4,66.2
1981,10,1981.8333333333,92,57.8,107.2,81.3
1981,9,1981.75,34.5,34.3,111.5,82.5
1981,8,1981.6666666667,116.6,78.3,45.2,43.8
1981,7,1981.5833333333,98.4,95.2,84.6,105.8
1981,6,1981.5,172.5,132.6,76,58.3
1981,5,1981.4166666667,12.2,6.7,194.3,216
1981,4,1981.3333333333,17.4,13.4,10.4,13.7
1981,3,1981.25,25,17.7,14.1,27.8
1981,2,1981.1666666667,9.6,10.6,29.6,32.8
1981,1,1981.0833333333,36.6,39.6,13.9,14.6
1980,12,1981,44.2,47.6,50.1,49.4
1980,11,1980.9166666667,67.3,29.6,48.1,55
1980,10,1980.8333333333,115.9,92.6,58.3,68.7
1980,9,1980.75,46.6,51.1,118.9,103.7
1980,8,1980.6666666667,91.5,67.3,43.9,38.1
1980,7,1980.5833333333,59.5,40.8,127.6,71.3
1980,6,1980.5,73.1,56.7,80.2,26.5
1980,5,1980.4166666667,63.4,31.1,64.1,83
1980,4,1980.3333333333,23.4,22.8,46.5,34.5
1980,3,1980.25,13.8,13.8,23.2,20.3
1980,2,1980.1666666667,23.7,18,16.7,14.1
1980,1,1980.0833333333,19.8,20.6,22,23.5
1979,12,1980,50.3,30.5,19,25.9
1979,11,1979.9166666667,63.5,44.4,36.7,47
1979,10,1979.8333333333,95.5,72.5,72.7,64.5
1979,9,1979.75,96.8,97.5,90.5,93.8
1979,8,1979.6666666667,144,121.4,83.5,89.2
1979,7,1979.5833333333,43.1,29.5,116.3,101
1979,6,1979.5,59,59.9,49.8,51.1
1979,5,1979.4166666667,41.3,44.4,65,60
1979,4,1979.3333333333,32.3,23.7,44.9,52.8
1979,3,1979.25,29.7,19.2,30.6,19.1
1979,2,1979.1666666667,45.1,29.5,33.3,28.5
1979,1,1979.0833333333,31.7,21.3,40.7,42.2
1978,12,1979,9.5,10.1,36.3,32.5
1978,11,1978.9166666667,74.1,54.9,9.4,12.1
1978,10,1978.8333333333,34.8,26.7,67,63.8
1978,9,1978.75,89.5,52.6,34.5,33
1978,8,1978.6666666667,65.9,80.6,76.2,60
1978,7,1978.5833333333,45.5,41.3,61.8,66.2
1978,6,1978.5,64.5,37.9,41.3,44.6
1978,5,1978.4166666667,0.3,0.1,55.4,62.7
1978,4,1978.3333333333,19.5,19.5,0.8,0
1978,3,1978.25,40.9,25.7,21.4,33.3
1978,2,1978.1666666667,7.9,7.8,35.3,39.4
1978,1,1978.0833333333,33.2,34.8,8.4,6
1977,12,1978,17.6,15.9,29.6,29.8
1977,11,1977.9166666667,67,50.2,14,12.7
1977,10,1977.8333333333,51.9,40.6,72.3,62.6
1977,9,1977.75,86.1,88,59.1,46.8
1977,8,1977.6666666667,44,39.1,87.2,76.5
1977,7,1977.5833333333,116.6,166.7,52.3,39.5
1977,6,1977.5,28.3,29.3,161.4,72.7
1977,5,1977.4166666667,55.7,47.8,33.5,39
1977,4,1977.3333333333,79.8,42.5,53,37.2
1977,3,1977.25,30.3,27.8,72,54.9
1977,2,1977.1666666667,29.6,21.4,26.3,25.3
1977,1,1977.0833333333,54.6,44.8,25.8,27.5
1976,12,1977,34,17.4,50.6,41.1
1976,11,1976.9166666667,77.4,64.2,32,35.7
1976,10,1976.8333333333,21.2,18.7,72.9,60.7
1976,9,1976.75,80.9,67.4,21.2,19
1976,8,1976.6666666667,35.4,48.1,88.5,74.7
1976,7,1976.5833333333,73.1,82.7,40.4,37.6
1976,6,1976.5,113.3,86.9,112.7,78.2
1976,5,1976.4166666667,17,12.6,111.9,103.1
1976,4,1976.3333333333,20.8,10.8,14.3,21.7
1976,3,1976.25,32.2,24.6,24.8,20.5
1976,2,1976.1666666667,13.8,14.1,42.5,29.3
1976,1,1976.0833333333,31,21.5,12.8,13.7
1975,12,1976,64.6,47.3,28.5,37.3
1975,11,1975.9166666667,30.7,27.4,51.3,68.2
1975,10,1975.8333333333,68,38.9,27.4,24.9
1975,9,1975.75,105.3,87.4,41.5,40.3
1975,8,1975.6666666667,55.1,44.9,118.3,85.2
1975,7,1975.5833333333,27.2,54,82.3,67.1
1975,6,1975.5,40.3,56.7,23.9,31.3
1975,5,1975.4166666667,53.4,42.1,67.9,43.1
1975,4,1975.3333333333,54.8,43.4,35.8,42.1
1975,3,1975.25,13.9,19.3,68.6,55.3
1975,2,1975.1666666667,15.4,19.6,18.4,23
1975,1,1975.0833333333,16.7,24.1,18,23.7
1974,12,1975,72.4,60.4,32.6,41.9
1974,11,1974.9166666667,77,40.5,88.6,97.9
1974,10,1974.8333333333,39.9,19.5,86.9,87
1974,9,1974.75,76.7,107.4,59.8,42.3
1974,8,1974.6666666667,84.1,106,97.3,64.3
1974,7,1974.5833333333,128.9,107.7,121.7,116.5
1974,6,1974.5,42,72,159,149.5
1974,5,1974.4166666667,27.2,28,45.5,82.2
1974,4,1974.3333333333,4.2,9.3,44,44.4
1974,3,1974.25,11.4,8.1,4.1,7.1
1974,2,1974.1666666667,57.4,49.6,17.7,25.2
1974,1,1974.0833333333,40.75,35.7,63.1,70
1973,12,1974,24.1,28.6,53.9,59
1973,11,1973.9166666667,43.9,37,30.3,44.2
1973,10,1973.8333333333,38.8,30.8,39.9,25.7
1973,9,1973.75,52.5,48.9,40.2,42
1973,8,1973.6666666667,99.7,115,64.1,68.4
1973,7,1973.5833333333,30.2,40,106.5,137.7
1973,6,1973.5,39.8,38.8,18.9,25.6
1973,5,1973.4166666667,85.7,53.3,45,57.6
1973,4,1973.3333333333,61.5,36.9,62.1,48
1973,3,1973.25,22.2,24.1,55.1,61.3
1973,2,1973.1666666667,15.2,21.7,30.5,26.3
1973,1,1973.0833333333,24.8,35.5,18.3,31
1972,12,1973,46.7,39.9,30.8,29
1972,11,1972.9166666667,54.2,43,42.4,52.6
1972,10,1972.8333333333,38.3,25.3,56.6,64.2
1972,9,1972.75,55,53.8,42,38.3
1972,8,1972.6666666667,147,119.5,57.7,54.7
1972,7,1972.5833333333,50.6,27.8,176.4,163
1972,6,1972.5,47.2,45.9,56.4,70.2
1972,5,1972.4166666667,70.3,53.8,73.5,35.7
1972,4,1972.3333333333,38,36.9,47.8,44.3
1972,3,1972.25,17.6,19,50.5,55.5
1972,2,1972.1666666667,16.9,11.8,19.6,41.8
1972,1,1972.0833333333,10.3,13.1,16,20.1
1971,12,1972,19.3,28.2,14.3,14
1971,11,1971.9166666667,45.7,41.2,34.6,33.5
1971,10,1971.8333333333,52.9,47.8,57.7,69.5
1971,9,1971.75,47.6,56.8,51.7,49.5
1971,8,1971.6666666667,87.2,103.3,68.4,78.4
1971,7,1971.5833333333,48.3,62.4,100.5,91.3
1971,6,1971.5,34.1,27.2,65.9,53.2
1971,5,1971.4166666667,14.6,10.7,41.1,27.9
1971,4,1971.3333333333,23.8,25.5,21.2,17.2
1971,3,1971.25,36.5,24.7,22.9,15.9
1971,2,1971.1666666667,24.1,24.4,42.3,42.6
1971,1,1971.0833333333,40.4,43.8,30.9,51.6
1970,12,1971,26.7,47,53.7,51.9
1970,11,1970.9166666667,25.3,17.3,49.7,63.9
1970,10,1970.8333333333,34.2,43.1,34.6,37.5
1970,9,1970.75,72.8,79.4,56.6,65.5
1970,8,1970.6666666667,27.3,56.7,64.65,74.7
1970,7,1970.5833333333,72.6,144.2,72.7,68.2
1970,6,1970.5,16.7,11.8,130.7,106.3
1970,5,1970.4166666667,26,36.7,16.1,8.2
1970,4,1970.3333333333,35.5,44.5,34.9,39
1970,3,1970.25,24,23.6,71.4,68.6
1970,2,1970.1666666667,23.3,19,34.1,42.5
1970,1,1970.0833333333,20.3,24.7,24.3,22.7
1969,12,1970,,25,25.6,25.9
1969,11,1969.9166666667,,64.3,26.2,20.5
1969,10,1969.8333333333,,24.5,106,112.1
1969,9,1969.75,,98.5,24.9,38.5
1969,8,1969.6666666667,,52.9,104.6,102.8
1969,7,1969.5833333333,,32.8,56,74.3
1969,6,1969.5,,27.6,42.4,26.9
1969,5,1969.4166666667,,2.1,15,34.8
1969,4,1969.3333333333,,33.4,18.2,5.9
1969,3,1969.25,,15.6,58,61.9
1969,2,1969.1666666667,,15.5,12.4,12.7
1969,1,1969.0833333333,,15.5,23,24.4
1968,12,1969,,20.6,28.4,27.6
1968,11,1968.9166666667,,35.7,31.9,28.1
1968,10,1968.8333333333,,68.4,62.2,57.5
1968,9,1968.75,,49.6,91.9,90.3
1968,8,1968.6666666667,,59.8,39.4,58
1968,7,1968.5833333333,,21.2,86.5,106.5
1968,6,1968.5,,61.1,33.4,29.6
1968,5,1968.4166666667,,46.9,56,96.7
1968,4,1968.3333333333,,33.3,81.6,60.5
1968,3,1968.25,,46.2,48.1,42.3
1968,2,1968.1666666667,,21.4,59.5,65.4
1968,1,1968.0833333333,,27.8,22.2,23.8
1967,12,1968,,18.5,43.7,31.8
1967,11,1967.9166666667,,31.4,24.2,25
1967,10,1967.8333333333,,75.4,52.3,39.7
1967,9,1967.75,,56,104.9,90.7
1967,8,1967.6666666667,,143.5,72.4,51.1
1967,7,1967.5833333333,,59.3,130.7,115.8
1967,6,1967.5,,62.9,38.6,31.2
1967,5,1967.4166666667,,59.7,63.2,66.6
1967,4,1967.3333333333,,22.2,76.6,77.7
1967,3,1967.25,,50.3,24,23.6
1967,2,1967.1666666667,,28.3,60.1,61.4
1967,1,1967.0833333333,,31.2,40.7,35.1
1966,12,1967,,25.2,31.8,28
1966,11,1966.9166666667,,39.2,40.6,
1966,10,1966.8333333333,,66.7,58.9,
1966,9,1966.75,,60.5,61.1,
1966,8,1966.6666666667,,82.3,58.8,
1966,7,1966.5833333333,,85.2,106.9,
1966,6,1966.5,,40.2,82.2,
1966,5,1966.4166666667,,37,42.1,
1966,4,1966.3333333333,,15.2,29.9,
1966,3,1966.25,,24.3,22.2,
1966,2,1966.1666666667,,24.6,33,
1966,1,1966.0833333333,,14,25,
1965,12,1966,,30,21.8,
1965,11,1965.9166666667,,27.7,49.4,
1965,10,1965.8333333333,,67.8,36.7,
1965,9,1965.75,,98.2,67.7,
1965,8,1965.6666666667,,71.9,70.55,
1965,7,1965.5833333333,,98.4,73.4,
1965,6,1965.5,,59.7,88.6,
1965,5,1965.4166666667,,13.3,65.6,
1965,4,1965.3333333333,,7.9,17.8,
1965,3,1965.25,,28.4,21,
1965,2,1965.1666666667,,16.2,38.3,
1965,1,1965.0833333333,,25,23.3,
1964,12,1965,,40.1,48.2,
1964,11,1964.9166666667,,33.8,66.1,
1964,10,1964.8333333333,,14.2,54.7,
1964,9,1964.75,,97.9,17.8,
1964,8,1964.6666666667,,93.7,92,
1964,7,1964.5833333333,,34.4,86.2,
1964,6,1964.5,,50.5,42.2,
1964,5,1964.4166666667,,49.7,74.4,
1964,4,1964.3333333333,,58.2,71.1,
1964,3,1964.25,,9.4,60.6,
1964,2,1964.1666666667,,23.6,9.5,
1964,1,1964.0833333333,,30.4,28.4,
1963,12,1964,,45.4,32.2,
1963,11,1963.9166666667,,42.4,35.7,
1963,10,1963.8333333333,,43,49,
1963,9,1963.75,,50.5,59.4,
1963,8,1963.6666666667,,85.5,69.6,
1963,7,1963.5833333333,,44.8,108.2,
1963,6,1963.5,,44.8,47.2,
1963,5,1963.4166666667,,30.8,47.4,
1963,4,1963.3333333333,,25.6,44,
1963,3,1963.25,,10.8,25.7,
1963,2,1963.1666666667,,17.3,13.1,
1963,1,1963.0833333333,,23.6,16.3,
1962,12,1963,,28,35.2,
1962,11,1962.9166666667,,40,30.1,
1962,10,1962.8333333333,,28.7,55.6,
1962,9,1962.75,,72.6,38.9,
1962,8,1962.6666666667,,77.6,86.2,
1962,7,1962.5833333333,,71.7,91.1,
1962,6,1962.5,,51.1,92.8,
1962,5,1962.4166666667,,57,89.4,
1962,4,1962.3333333333,,44.2,78.7,
1962,3,1962.25,,15.4,55.2,
1962,2,1962.1666666667,,29.1,18.3,
1962,1,1962.0833333333,,50.1,35.2,
1961,12,1962,,27.6,66,
1961,11,1961.9166666667,,69,40.5,
1961,10,1961.8333333333,,49.9,72.1,
1961,9,1961.75,,28.1,68.4,
1961,8,1961.6666666667,,122.4,21.9,
1961,7,1961.5833333333,,104.1,113.8,
1961,6,1961.5,,99.2,98,
1961,5,1961.4166666667,,54.4,124.5,
1961,4,1961.3333333333,,14.9,67.5,
1961,3,1961.25,,40.9,13.8,
1961,2,1961.1666666667,,29.1,60.3,
1961,1,1961.0833333333,,33.5,35.9,
1960,12,1961,,39.7,48,
1960,11,1960.9166666667,,39,49.3,
1960,10,1960.8333333333,,17.2,62.7,
1960,9,1960.75,,18.2,26.9,
1960,8,1960.6666666667,,81,22.5,
1960,7,1960.5833333333,,56.7,72.3,
1960,6,1960.5,,75.8,103.6,
1960,5,1960.4166666667,,23.2,100.5,
1960,4,1960.3333333333,,22.2,33.1,
1960,3,1960.25,,4.5,27.2,
1960,2,1960.1666666667,,20.5,1.7,
1960,1,1960.0833333333,,40.2,23.6,
1959,12,1960,,21.7,55.9,
1959,11,1959.9166666667,,30.3,32.4,
1959,10,1959.8333333333,,17.5,37.4,
1959,9,1959.75,,24.6,20.8,
1959,8,1959.6666666667,,94.6,50.2,
1959,7,1959.5833333333,,51,109.8,
1959,6,1959.5,,39.9,71.4,
1959,5,1959.4166666667,,31.6,33.5,
1959,4,1959.3333333333,,32.7,33.3,
1959,3,1959.25,,18.4,41.9,
1959,2,1959.1666666667,,14.5,29,
1959,1,1959.0833333333,,28.4,22.3,
